, Mean of the integrated profile, Standard deviation of the integrated profile, Excess kurtosis of the integrated profile, Skewness of the integrated profile, Mean of the DM-SNR curve, Standard deviation of the DM-SNR curve, Excess kurtosis of the DM-SNR curve, Skewness of the DM-SNR curve,target_class
count,17898.0,17898.0,17898.0,17898.0,17898.0,17898.0,17898.0,17898.0,17898.0
mean,111.07996834492681,46.54953156153425,0.47785725810191076,1.7702789980713487,12.614399658311545,26.326514703918594,8.303556116638282,104.85770870366203,0.09157447759526204
std,25.652935359860106,6.8431894100877715,1.0640397163731556,6.167913247731735,29.472897150065176,19.470572330539163,4.506091858992771,106.51453953467565,0.2884323852046664
cv,0.2309411475541865,0.14700877066918916,2.226689452410142,3.484147557786903,2.33644865775643,0.7395803261280556,0.5426701277978567,1.0158007537213691,3.1497027641202684
min,5.8125,24.77204176,-1.876011181,-1.7918859809999999,0.213210702,7.370432165,-3.1392696110000005,-1.976975603,0.0
25%,100.9296875,42.376017585,0.027098120000000003,-0.1885716535,1.9230769230000002,14.437331600000002,5.7815057435,34.9605044375,0.0
50%,115.078125,46.94747911,0.22324002399999998,0.19871040100000004,2.801839465,18.461315589999998,8.433514688999999,83.06455613,0.0
75%,127.0859375,51.0232019925,0.4733251825,0.9277830914999999,5.46425585275,28.428104325,10.7029592825,139.30933050000002,0.0
max,192.6171875,98.77891067,8.069522046,68.10162173,223.39214049999998,110.64221059999998,34.53984419,1191.0008369999998,1.0
